{
  "project_info": {
    "project_number": "899502549068",
    "firebase_url": "https://my-project-1555175213493.firebaseio.com",
    "project_id": "my-project-1555175213493",
    "storage_bucket": "my-project-1555175213493.appspot.com"
  },
  "client": [
    {
      "client_info": {
        "mobilesdk_app_id": "1:899502549068:android:d7770024f75a45c1",
        "android_client_info": {
          "package_name": "kr.ac.jbnu.se.mm2019Group1"
        }
      },
      "oauth_client": [
        {
          "client_id": "899502549068-je75hsfdqmms0id3digor5bp1guq8kje.apps.googleusercontent.com",
          "client_type": 3
        }
      ],
      "api_key": [
        {
          "current_key": "AIzaSyBpwF6ei7VdSzRZEBSHgsYcBm7UKsxJueM"
        }
      ],
      "services": {
        "appinvite_service": {
          "other_platform_oauth_client": [
            {
              "client_id": "899502549068-je75hsfdqmms0id3digor5bp1guq8kje.apps.googleusercontent.com",
              "client_type": 3
            }
          ]
        }
      }
    }
  ],
  "configuration_version": "1"
}